Open time,Open,High,Low,Close,Volume,Close time,Quote asset volume,Number of trades,Taker buy base asset volume,Taker buy quote asset volume,Ignore
2024-01-01 04:00:00,42330.50000000,42500.00000000,42180.77000000,42492.46000000,2706.99880000,1704095999999,114643199.90455160,128552,1385.79272000,58687457.61529610,0
2024-01-01 08:00:00,42492.46000000,42762.39000000,42452.58000000,42690.20000000,2948.80274000,1704110399999,125745887.26790690,137484,1523.25695000,64959471.63221540,0
2024-01-01 12:00:00,42690.21000000,42847.07000000,42580.00000000,42783.05000000,2936.44406000,1704124799999,125358722.17950020,148756,1496.35093000,63877513.43150760,0
2024-01-01 16:00:00,42783.05000000,43550.00000000,42664.42000000,43517.99000000,5686.97164000,1704139199999,244970557.19094900,242235,3016.44908000,129952006.43108730,0
2024-01-01 20:00:00,43517.98000000,44184.10000000,43361.60000000,44179.55000000,8946.99844000,1704153599999,391458744.91581200,291583,4869.62331000,213148569.60687970,0
2024-01-02 00:00:00,44179.55000000,45500.00000000,44148.34000000,45402.38000000,17093.28659000,1704167999999,767967116.49714790,538797,9741.98843000,437556220.24348470,0
2024-01-02 04:00:00,45402.38000000,45643.75000000,45121.96000000,45455.53000000,8388.42302000,1704182399999,380172685.01871630,272747,4152.58359000,188207525.30289260,0
2024-01-02 08:00:00,45455.52000000,45879.63000000,45200.00000000,45433.99000000,10027.39458000,1704196799999,457314275.47629890,345836,4898.05573000,223402983.80690990,0
2024-01-02 12:00:00,45433.99000000,45800.00000000,44833.33000000,45184.82000000,13236.12915000,1704211199999,600137218.94038450,434612,6634.97873000,300863243.63633770,0
2024-01-02 16:00:00,45184.83000000,45399.84000000,44790.96000000,45039.49000000,9745.60445000,1704225599999,439524931.72505880,382856,5014.55530000,226181160.17083610,0
2024-01-02 20:00:00,45039.49000000,45297.26000000,44600.00000000,44946.91000000,6655.56882000,1704239999999,299215594.16546980,272684,3374.98269000,151752991.07712380,0
2024-01-03 00:00:00,44946.91000000,45410.91000000,44862.11000000,45262.69000000,4750.68596000,1704254399999,214685701.86475190,192132,2111.46135000,95408638.36347070,0
2024-01-03 04:00:00,45262.70000000,45384.84000000,44940.93000000,45011.77000000,4691.11517000,1704268799999,212059728.48829410,177168,2193.42521000,99152269.40290900,0
2024-01-03 08:00:00,45011.77000000,45500.00000000,43500.00000000,43702.88000000,13237.52778000,1704283199999,591986412.97008640,467869,5794.82559000,259196319.69779890,0
2024-01-03 12:00:00,43702.89000000,43716.00000000,40750.00000000,43000.01000000,35484.15210000,1704297599999,1501608148.73156590,1070151,17330.18951000,733627108.60873660,0
2024-01-03 16:00:00,43000.01000000,43567.92000000,42000.00000000,42596.67000000,16895.34192000,1704311999999,724424429.28850240,541788,8556.20714000,366975637.21591600,0
2024-01-03 20:00:00,42596.66000000,42966.27000000,42518.70000000,42845.23000000,6135.72880000,1704326399999,262340142.40103140,208933,3117.88282000,133305229.66248320,0
2024-01-04 00:00:00,42845.23000000,43220.56000000,42613.77000000,43102.80000000,5488.13855000,1704340799999,235508699.51709560,202297,2617.70788000,112325511.52671030,0
2024-01-04 04:00:00,43102.79000000,43273.08000000,42756.97000000,42763.08000000,5443.39629000,1704355199999,234500564.01194510,229597,2412.51533000,103944751.95447160,0
2024-01-04 08:00:00,42763.08000000,43233.81000000,42616.28000000,43176.32000000,6746.40949000,1704369599999,289821653.73232380,291681,3149.03678000,135305312.54029320,0
2024-01-04 12:00:00,43176.33000000,44329.99000000,43097.06000000,44051.10000000,11599.01023000,1704383999999,506197358.73971750,438640,6024.98162000,262922672.56406230,0
2024-01-04 16:00:00,44051.10000000,44437.50000000,43777.86000000,43956.48000000,9399.52176000,1704398399999,413991311.90482870,334627,4515.48788000,198903397.11046700,0
2024-01-04 20:00:00,43956.48000000,44729.58000000,43890.90000000,44151.10000000,9361.58702000,1704412799999,415075771.58772410,323102,4886.17110000,216673622.14300860,0
2024-01-05 00:00:00,44151.10000000,44284.00000000,42450.00000000,43465.21000000,11721.50264000,1704427199999,510733655.15033970,420972,5577.45743000,243020776.31156490,0
2024-01-05 04:00:00,43465.21000000,43926.00000000,43187.89000000,43777.47000000,4949.61031000,1704441599999,215887954.11159830,246256,2508.13192000,109415711.98903390,0
2024-01-05 08:00:00,43777.48000000,44324.80000000,43433.00000000,43771.34000000,7055.63723000,1704455999999,309990253.97910870,336389,3527.53808000,154984816.79786110,0
2024-01-05 12:00:00,43771.34000000,44110.07000000,43100.00000000,43500.01000000,10044.28040000,1704470399999,439370834.67952650,478180,5005.38678000,218999503.36127720,0
2024-01-05 16:00:00,43500.01000000,43808.07000000,43100.46000000,43600.00000000,7460.07613000,1704484799999,324206822.25417550,308961,3806.09627000,165415535.47607440,0
2024-01-05 20:00:00,43600.00000000,44357.46000000,43580.51000000,44145.11000000,6844.14656000,1704499199999,300764404.19396680,274087,3590.45378000,157818675.20419790,0
2024-01-06 00:00:00,44145.12000000,44214.42000000,43812.50000000,43931.10000000,3123.46193000,1704513599999,137401026.75899970,154177,1435.13702000,63128996.24513960,0
2024-01-06 04:00:00,43931.10000000,43971.10000000,43397.05000000,43653.20000000,4242.79756000,1704527999999,185157986.33553090,200745,2082.44667000,90875447.09060650,0
2024-01-06 08:00:00,43653.20000000,43771.10000000,43551.28000000,43671.96000000,2449.54997000,1704542399999,106967541.82733230,160976,1267.37865000,55342826.04259760,0
2024-01-06 12:00:00,43671.97000000,43920.08000000,43527.27000000,43867.17000000,2610.13838000,1704556799999,114246426.62928590,148168,1432.92742000,62721705.13834920,0
2024-01-06 16:00:00,43867.17000000,44148.58000000,43828.50000000,43906.36000000,2971.24432000,1704571199999,130557720.92634000,162512,1653.76973000,72673886.86611300,0
2024-01-06 20:00:00,43906.35000000,43980.00000000,43611.19000000,43968.32000000,2437.86928000,1704585599999,106882181.01411730,130064,1176.91124000,51598925.98107170,0
2024-01-07 00:00:00,43968.32000000,44259.29000000,43833.40000000,43940.41000000,3397.43777000,1704599999999,149621821.87201380,154901,1722.25916000,75853060.34065720,0
2024-01-07 04:00:00,43940.41000000,44100.00000000,43843.52000000,44080.00000000,2347.11787000,1704614399999,103252744.74618600,122921,1195.60720000,52596550.14251240,0
2024-01-07 08:00:00,44080.00000000,44167.81000000,43880.65000000,44061.10000000,3023.73501000,1704628799999,133106227.94436450,150116,1499.58137000,66011131.35578610,0
2024-01-07 12:00:00,44061.10000000,44480.59000000,43945.15000000,44047.57000000,5972.98911000,1704643199999,264377730.13690270,264807,3055.66178000,135276299.77894700,0
2024-01-07 16:00:00,44047.57000000,44262.53000000,43700.00000000,44244.77000000,3590.89146000,1704657599999,158125762.35711880,185104,1834.90207000,80818219.62925820,0
2024-01-07 20:00:00,44244.77000000,44269.92000000,43572.09000000,43929.02000000,4691.67958000,1704671999999,206150809.06756240,231410,2305.51189000,101315746.27866540,0
2024-01-08 00:00:00,43929.01000000,43986.00000000,43175.00000000,43518.20000000,7371.99098000,1704686399999,321147967.40255880,278129,3489.33673000,152025382.37490910,0
2024-01-08 04:00:00,43518.20000000,44341.80000000,43430.79000000,43974.55000000,7157.43221000,1704700799999,313769741.49041900,289248,3743.34612000,164113568.82240390,0
2024-01-08 08:00:00,43974.55000000,44688.00000000,43641.73000000,44635.99000000,6636.26767000,1704715199999,292836484.50937530,272154,3690.96064000,162951620.89797670,0
2024-01-08 12:00:00,44636.00000000,45333.00000000,44350.00000000,44963.04000000,17212.53878000,1704729599999,773408314.31234980,592257,9193.64176000,413144614.47066300,0
2024-01-08 16:00:00,44963.04000000,47248.99000000,44793.97000000,46979.35000000,24462.97732000,1704743999999,1129425396.30399860,688409,13631.61995000,629282115.94891120,0
2024-01-08 20:00:00,46979.36000000,47207.16000000,46653.84000000,46951.04000000,9973.36893000,1704758399999,468184246.66280590,244267,4979.90010000,233794905.15331950,0
2024-01-09 00:00:00,46951.04000000,47150.00000000,46230.00000000,46926.96000000,10102.12931000,1704772799999,471883111.24575890,330462,4990.45773000,233093927.79349990,0
2024-01-09 04:00:00,46926.96000000,46940.00000000,46599.43000000,46825.51000000,4707.40981000,1704787199999,220181766.26762860,200740,2225.94881000,104110686.24352940,0
2024-01-09 08:00:00,46825.52000000,46874.94000000,46381.10000000,46615.99000000,6018.83491000,1704801599999,280345430.25477020,254090,2946.05059000,137217143.39546540,0
2024-01-09 12:00:00,46616.00000000,47051.21000000,45450.00000000,46868.09000000,15811.82358000,1704815999999,737352850.79581130,646752,8236.74596000,384292750.69847620,0
2024-01-09 16:00:00,46868.08000000,46975.00000000,46500.00000000,46876.01000000,7310.48299000,1704830399999,341656130.55380750,311714,3307.47029000,154593883.40570400,0
2024-01-09 20:00:00,46876.00000000,47972.00000000,44748.67000000,46110.00000000,25976.98557000,1704844799999,1200022783.69061980,893987,13118.78091000,606842834.79959460,0
2024-01-10 00:00:00,46110.00000000,46249.14000000,45622.00000000,46117.10000000,6964.52629000,1704859199999,319977055.83457580,225920,3374.85209000,155095018.05930840,0
2024-01-10 04:00:00,46117.10000000,46186.00000000,45734.56000000,45757.98000000,4441.30134000,1704873599999,204129005.32268100,181245,2152.29147000,98924339.79787130,0
2024-01-10 08:00:00,45757.98000000,45861.10000000,45000.00000000,45515.89000000,8371.11286000,1704887999999,381237575.73571250,327778,4054.97977000,184690008.25207230,0
2024-01-10 12:00:00,45515.88000000,45662.01000000,44300.36000000,45546.40000000,17519.34998000,1704902399999,789410439.66782090,776415,8883.90608000,400411980.14897320,0
2024-01-10 16:00:00,45546.39000000,46666.00000000,45173.97000000,46489.18000000,17808.51212000,1704916799999,820236352.65579940,571964,9843.48636000,453476993.09904710,0
2024-01-10 20:00:00,46489.19000000,47695.93000000,44800.00000000,46653.99000000,34806.60944000,1704931199999,1608819052.49617760,1050266,18601.27862000,860528361.99489190,0
2024-01-11 00:00:00,46654.00000000,46750.00000000,46200.00000000,46502.16000000,7964.91500000,1704945599999,370461309.26855600,306470,4072.82326000,189452097.48799890,0
2024-01-11 04:00:00,46502.17000000,46507.08000000,45618.10000000,46101.40000000,7551.87335000,1704959999999,348167834.27221590,338183,3517.12176000,162091321.27375330,0
2024-01-11 08:00:00,46101.40000000,47150.00000000,46052.00000000,47060.00000000,8538.48554000,1704974399999,397952645.26616130,366320,4778.04899000,222666320.76058700,0
2024-01-11 12:00:00,47059.99000000,48969.48000000,46463.19000000,46783.78000000,36318.80534000,1704988799999,1733428829.81931850,1030386,19142.73946000,914185722.59206720,0
2024-01-11 16:00:00,46783.77000000,47022.07000000,45606.06000000,46692.30000000,19172.26590000,1705003199999,886726189.94142960,618511,9038.06960000,418058600.05692580,0
2024-01-11 20:00:00,46692.29000000,46975.00000000,46084.69000000,46339.16000000,7923.98447000,1705017599999,368402796.46062070,338581,3527.36523000,164013877.48866030,0
2024-01-12 00:00:00,46339.16000000,46515.53000000,45898.00000000,45994.00000000,5377.44001000,1705031999999,248268472.56451270,254664,2562.01853000,118301682.81775600,0
2024-01-12 04:00:00,45994.01000000,46366.00000000,45742.49000000,46008.19000000,5766.26871000,1705046399999,265453009.29745170,243968,2939.30129000,135341417.86661830,0
2024-01-12 08:00:00,46008.19000000,46267.00000000,45537.37000000,45954.35000000,7038.70566000,1705060799999,323262832.20101510,329175,3597.27016000,165215881.32822600,0
2024-01-12 12:00:00,45954.35000000,46109.00000000,44333.44000000,44462.01000000,19196.21655000,1705075199999,868350862.18946870,663068,9267.70742000,419323656.60070410,0
2024-01-12 16:00:00,44462.00000000,44675.88000000,43212.00000000,43472.55000000,26388.04032000,1705089599999,1154636271.42647980,753664,12635.58164000,553008632.35026940,0
2024-01-12 20:00:00,43472.56000000,43981.10000000,41500.00000000,42782.73000000,22561.26582000,1705103999999,967512287.89712890,564653,10705.70162000,459649608.01425600,0
2024-01-13 00:00:00,42782.74000000,42997.29000000,42436.12000000,42609.94000000,9945.53429000,1705118399999,424718360.76519470,283887,4661.66176000,199139468.31850770,0
2024-01-13 04:00:00,42609.94000000,43254.03000000,42555.84000000,43102.97000000,6237.82222000,1705132799999,268135835.32530240,237656,3267.31786000,140425958.76529020,0
2024-01-13 08:00:00,43102.97000000,43254.96000000,42509.11000000,42624.00000000,6962.30044000,1705147199999,298353967.30504840,261431,3230.02377000,138399965.42426160,0
2024-01-13 12:00:00,42624.01000000,43257.00000000,42505.00000000,43154.48000000,6063.35625000,1705161599999,259713538.25878140,294696,3208.06515000,137424231.06185720,0
2024-01-13 16:00:00,43154.48000000,43185.00000000,42724.39000000,42786.25000000,4181.84325000,1705175999999,179476351.94937620,203711,1965.77139000,84351931.41256460,0
2024-01-13 20:00:00,42786.25000000,43040.01000000,42699.52000000,42847.99000000,2727.61819000,1705190399999,116972557.94946310,152862,1415.25831000,60690663.26297380,0
2024-01-14 00:00:00,42847.99000000,42890.23000000,42643.98000000,42681.82000000,2769.17313000,1705204799999,118375249.90784930,135489,1420.71107000,60732756.41124050,0
2024-01-14 04:00:00,42681.82000000,43060.00000000,42562.56000000,43011.44000000,3036.75324000,1705219199999,130051165.78846140,134251,1641.28688000,70295494.84071090,0
2024-01-14 08:00:00,43011.44000000,43079.00000000,42759.34000000,42829.99000000,2885.27669000,1705233599999,123816303.05235630,148177,1295.97213000,55621581.02479770,0
2024-01-14 12:00:00,42829.99000000,43005.25000000,42710.00000000,42904.38000000,3635.86614000,1705247999999,155771782.46315790,178408,1917.97740000,82174152.83951170,0
2024-01-14 16:00:00,42904.39000000,43010.84000000,42632.59000000,42660.00000000,4024.36820000,1705262399999,172531341.09793110,225801,1954.76744000,83809928.00801410,0
2024-01-14 20:00:00,42660.00000000,42745.98000000,41720.00000000,41732.35000000,11876.97154000,1705276799999,501666939.94793700,413601,5459.59351000,230627746.61430120,0
2024-01-15 00:00:00,41732.35000000,42640.00000000,41718.05000000,42565.99000000,5828.29771000,1705291199999,246286468.02867750,199931,3306.13724000,139694358.79088510,0
2024-01-15 04:00:00,42565.99000000,42824.68000000,42499.01000000,42714.78000000,4383.51739000,1705305599999,186966410.96613380,176349,2167.08082000,92438995.97587880,0
2024-01-15 08:00:00,42714.78000000,42775.00000000,42540.00000000,42697.99000000,3812.52325000,1705319999999,162643280.50548050,176992,1850.68598000,78955410.26338460,0
2024-01-15 12:00:00,42698.00000000,42958.03000000,42163.32000000,42278.99000000,8595.73488000,1705334399999,365344802.55524130,376007,4317.08191000,183485689.36821110,0
2024-01-15 16:00:00,42278.99000000,43400.43000000,42249.00000000,42992.67000000,12331.30651000,1705348799999,530571655.62214910,504846,5742.68889000,246876507.02166060,0
2024-01-15 20:00:00,42992.67000000,43114.45000000,42342.18000000,42511.10000000,5318.51329000,1705363199999,227170293.43042050,223486,2541.08546000,108546449.66756270,0
2024-01-16 00:00:00,42511.10000000,42939.50000000,42466.88000000,42924.56000000,4025.27939000,1705377599999,171802732.76518250,199910,2294.38386000,97929173.95901490,0
2024-01-16 04:00:00,42924.57000000,42946.05000000,42606.92000000,42791.13000000,3648.24949000,1705391999999,156073869.86907790,164607,1829.74258000,78271499.86441070,0
2024-01-16 08:00:00,42791.14000000,43153.66000000,42720.06000000,42900.54000000,4849.24572000,1705406399999,208167442.48782930,214377,2518.05430000,108094473.79313350,0
2024-01-16 12:00:00,42900.55000000,43314.73000000,42050.00000000,43252.67000000,17967.98589000,1705420799999,766956364.04217890,549260,10147.04961000,432828014.76739950,0
2024-01-16 16:00:00,43252.45000000,43434.00000000,42834.29000000,43166.11000000,7723.95687000,1705435199999,333173416.63789770,330107,3853.24703000,166221866.98102170,0
2024-01-16 20:00:00,43166.10000000,43578.01000000,43060.69000000,43137.95000000,6831.02853000,1705449599999,295773324.25690390,258319,3422.07929000,148180412.57022820,0
2024-01-17 00:00:00,43137.94000000,43198.00000000,42844.98000000,42849.00000000,3711.95254000,1705463999999,159745318.64687030,137129,1648.75330000,70968644.23566600,0
2024-01-17 04:00:00,42849.00000000,42925.49000000,42619.60000000,42655.94000000,3612.23610000,1705478399999,154624492.37501210,139152,1791.15893000,76678032.13865430,0
2024-01-17 08:00:00,42655.95000000,42850.55000000,42564.00000000,42680.16000000,4412.74724000,1705492799999,188575965.72102890,195125,2141.94739000,91529328.84419960,0
2024-01-17 12:00:00,42680.16000000,42926.02000000,42365.58000000,42482.79000000,9542.90182000,1705507199999,406703190.09718170,394911,4830.40420000,205876399.63086220,0
2024-01-17 16:00:00,42482.80000000,42745.99000000,42200.69000000,42611.11000000,6233.49263000,1705521599999,264581614.39950050,263131,3202.20178000,135933201.59672790,0
2024-01-17 20:00:00,42611.10000000,42876.48000000,42450.00000000,42776.10000000,5752.88355000,1705535999999,245657849.68329570,308724,3033.73969000,129547161.60146790,0
2024-01-18 00:00:00,42776.09000000,42784.40000000,42502.19000000,42592.05000000,2777.25237000,1705550399999,118442495.71569310,122651,1184.11565000,50494479.09681730,0
2024-01-18 04:00:00,42592.04000000,42922.00000000,42589.00000000,42915.33000000,3393.11338000,1705564799999,145186568.84073220,142502,1687.25854000,72191015.82967270,0
2024-01-18 08:00:00,42915.32000000,42930.00000000,42387.68000000,42544.59000000,4867.13625000,1705579199999,207507411.30874890,206353,2253.46786000,96059997.78486160,0
2024-01-18 12:00:00,42544.60000000,42810.00000000,42353.80000000,42619.32000000,5286.53164000,1705593599999,224957043.73365110,233952,2729.31231000,116148013.90331940,0
2024-01-18 16:00:00,42619.31000000,42619.32000000,40831.99000000,41022.32000000,17408.65530000,1705607999999,725467003.70846090,490040,7881.27756000,328626210.08325900,0
2024-01-18 20:00:00,41022.33000000,41366.99000000,40683.28000000,41327.50000000,10174.82747000,1705622399999,417866017.95629280,270589,5349.71144000,219772917.50843370,0
2024-01-19 00:00:00,41327.51000000,41370.99000000,40752.26000000,41055.87000000,5747.52107000,1705636799999,236347415.47676790,191938,2749.55285000,113084035.92809220,0
2024-01-19 04:00:00,41055.88000000,41576.00000000,41038.81000000,41284.25000000,5252.30425000,1705651199999,217003595.57251340,162449,2985.62821000,123354521.36546920,0
2024-01-19 08:00:00,41284.26000000,41509.69000000,41143.33000000,41475.37000000,4432.77110000,1705665599999,183338898.02661990,173855,2264.94959000,93674753.40970490,0
2024-01-19 12:00:00,41475.37000000,41488.20000000,40718.00000000,40894.71000000,9260.88788000,1705679999999,380526557.32014190,306311,4386.95379000,180223990.65127860,0
2024-01-19 16:00:00,40894.71000000,41979.00000000,40280.00000000,41814.27000000,16100.60089000,1705694399999,661205657.18698610,542133,8167.90569000,335642834.25930480,0
2024-01-19 20:00:00,41814.27000000,42196.86000000,41517.60000000,41659.03000000,7548.66040000,1705708799999,315424342.95572270,264742,3792.51007000,158498585.76535580,0
2024-01-20 00:00:00,41659.03000000,41700.00000000,41456.30000000,41634.65000000,2986.21230000,1705723199999,124171936.82073190,155607,1529.34277000,63592017.76931960,0
2024-01-20 04:00:00,41634.64000000,41774.00000000,41564.81000000,41650.95000000,2111.60902000,1705737599999,87956944.73899120,109519,1003.64071000,41805055.84155320,0
2024-01-20 08:00:00,41650.95000000,41668.66000000,41459.02000000,41580.83000000,3106.35262000,1705751999999,129101024.14722490,147167,1357.63714000,56423104.80178650,0
2024-01-20 12:00:00,41580.82000000,41700.00000000,41478.00000000,41570.11000000,2908.64220000,1705766399999,120979725.89074960,151278,1385.89574000,57640108.50944110,0
2024-01-20 16:00:00,41570.10000000,41684.94000000,41526.36000000,41632.96000000,2143.21383000,1705780799999,89153760.41602460,117199,1042.60688000,43368420.04371150,0
2024-01-20 20:00:00,41632.97000000,41872.56000000,41610.54000000,41696.04000000,2667.96496000,1705795199999,111404616.13721210,126554,1238.24308000,51706435.02975170,0
2024-01-21 00:00:00,41696.05000000,41730.00000000,41629.87000000,41680.82000000,1600.89363000,1705809599999,66732001.73420510,106384,742.21214000,30938381.31020560,0
2024-01-21 04:00:00,41680.83000000,41691.11000000,41564.29000000,41648.51000000,1198.63686000,1705823999999,49910009.42244160,80346,539.06143000,22444890.98074990,0
2024-01-21 08:00:00,41648.50000000,41826.97000000,41648.50000000,41719.89000000,1972.92769000,1705838399999,82346340.57410080,108648,983.61149000,41052394.64625370,0
2024-01-21 12:00:00,41719.90000000,41881.39000000,41605.00000000,41656.28000000,2810.15162000,1705852799999,117382472.20396560,144647,1422.11874000,59403028.44492460,0
2024-01-21 16:00:00,41656.27000000,41729.77000000,41525.00000000,41719.40000000,2101.04396000,1705867199999,87510002.89039020,107053,1018.60800000,42424973.79902110,0
2024-01-21 20:00:00,41719.39000000,41811.10000000,41500.98000000,41580.33000000,2046.50925000,1705881599999,85270744.20580100,110739,870.94865000,36288537.97957800,0
2024-01-22 00:00:00,41580.32000000,41689.65000000,41058.22000000,41197.04000000,5194.67726000,1705895999999,214892897.46901300,208154,2471.54400000,102252895.68223770,0
2024-01-22 04:00:00,41197.04000000,41321.17000000,40684.00000000,41043.70000000,6720.50069000,1705910399999,275778665.92740610,297580,3325.07143000,136438743.74025190,0
2024-01-22 08:00:00,41043.70000000,41047.51000000,40364.63000000,40815.99000000,8780.28420000,1705924799999,357939956.06890830,404950,4359.72585000,177739721.92918010,0
2024-01-22 12:00:00,40815.92000000,41244.06000000,40350.00000000,40771.99000000,9333.27767000,1705939199999,380342648.92404490,458228,4610.59684000,187903778.22919550,0
2024-01-22 16:00:00,40772.00000000,40874.99000000,39431.58000000,39820.31000000,15416.76046000,1705953599999,619689675.55407570,506452,7021.61255000,282477533.32658800,0
2024-01-22 20:00:00,39820.31000000,40343.18000000,39480.00000000,39568.02000000,9980.69883000,1705967999999,398808309.85198470,271886,4999.58918000,199838175.15959930,0
2024-01-23 00:00:00,39568.02000000,40118.87000000,39511.10000000,40000.44000000,4446.81496000,1705982399999,177273747.28156350,142541,2409.46471000,96060465.03738720,0
2024-01-23 04:00:00,40000.43000000,40176.74000000,39665.02000000,39780.00000000,3852.36638000,1705996799999,153972297.64128820,140936,1935.10822000,77354685.69080730,0
2024-01-23 08:00:00,39780.01000000,39860.00000000,38657.00000000,38845.56000000,16327.77748000,1706011199999,638821872.57686210,503786,7920.60725000,310026288.48417200,0
2024-01-23 12:00:00,38845.56000000,39460.00000000,38555.00000000,39204.00000000,14222.94133000,1706025599999,553991860.30953760,624000,7969.11278000,310623630.61197280,0
2024-01-23 16:00:00,39204.00000000,39654.34000000,38925.20000000,39148.07000000,11699.79651000,1706039999999,459658034.37407040,395847,6551.47392000,257426577.27392370,0
2024-01-23 20:00:00,39148.07000000,39907.23000000,39032.02000000,39897.60000000,7406.93685000,1706054399999,292134178.46350510,236815,4128.20489000,162925596.59814880,0
2024-01-24 00:00:00,39897.59000000,40250.00000000,39570.43000000,39614.00000000,7508.24416000,1706068799999,299548225.50209120,236715,3857.30505000,153918916.26938370,0
2024-01-24 04:00:00,39614.00000000,40191.97000000,39557.01000000,39981.09000000,6508.92980000,1706083199999,259286873.07421680,231367,3933.24716000,156685864.23796760,0
2024-01-24 08:00:00,39981.09000000,40555.00000000,39859.51000000,40209.34000000,6433.12337000,1706097599999,258269647.66814280,303054,3309.47742000,132894675.96807940,0
2024-01-24 12:00:00,40209.34000000,40298.86000000,39766.00000000,40050.71000000,8120.72045000,1706111999999,325011050.77884180,426643,4105.89099000,164325551.51443620,0
2024-01-24 16:00:00,40050.72000000,40207.00000000,39615.76000000,39803.05000000,5715.16915000,1706126399999,228224547.60128110,241366,2871.39584000,114691024.22945300,0
2024-01-24 20:00:00,39803.04000000,40175.11000000,39484.19000000,40084.88000000,5007.64168000,1706140799999,199364579.20617550,236470,2595.74079000,103370977.25510270,0
2024-01-25 00:00:00,40084.89000000,40178.84000000,39914.00000000,40012.01000000,3484.65910000,1706155199999,139543954.01915350,134917,1681.38280000,67336733.14221140,0
2024-01-25 04:00:00,40012.01000000,40135.37000000,39792.01000000,40130.00000000,3648.17041000,1706169599999,145761159.15426640,161793,1683.59931000,67281630.02447750,0
2024-01-25 08:00:00,40130.00000000,40300.24000000,39957.44000000,40178.07000000,4623.83661000,1706183999999,185492161.11870960,183793,2328.99682000,93458952.24742920,0
2024-01-25 12:00:00,40178.07000000,40283.82000000,39623.40000000,39804.24000000,8152.98130000,1706198399999,325391171.04151530,346191,4056.02501000,161876351.86984530,0
2024-01-25 16:00:00,39804.23000000,40044.91000000,39550.00000000,39989.25000000,7402.16761000,1706212799999,294671479.36223080,300017,3960.21564000,157668130.25169200,0
2024-01-25 20:00:00,39989.25000000,39995.99000000,39637.99000000,39961.09000000,3710.30350000,1706227199999,147953371.45673810,164522,1975.02961000,78747442.83774100,0
2024-01-26 00:00:00,39961.09000000,40245.00000000,39822.52000000,40067.52000000,3180.57719000,1706241599999,127384406.46384180,128660,1795.35112000,71920399.14777930,0
2024-01-26 04:00:00,40067.52000000,40220.00000000,39896.84000000,39969.99000000,3394.99518000,1706255999999,135935185.39380400,126414,1524.89429000,61068053.97008540,0
2024-01-26 08:00:00,39970.00000000,41348.13000000,39962.14000000,41289.52000000,11523.32786000,1706270399999,468414120.01117450,418080,6293.51093000,255848789.16166060,0
2024-01-26 12:00:00,41289.52000000,41588.00000000,40914.50000000,41422.99000000,12152.14087000,1706284799999,501784505.51965770,399772,6495.82351000,268257941.77444870,0
2024-01-26 16:00:00,41422.98000000,42193.80000000,41405.31000000,42064.49000000,11360.11294000,1706299199999,475937874.27129540,374309,5841.17536000,244703822.22492950,0
2024-01-26 20:00:00,42064.48000000,42246.82000000,41800.02000000,41823.51000000,5773.81322000,1706313599999,242244567.63003360,177626,2724.00030000,114306193.43821780,0
2024-01-27 00:00:00,41823.51000000,41933.17000000,41708.00000000,41815.01000000,2776.36693000,1706327999999,116112589.90005440,118792,1176.65924000,49215147.38203910,0
2024-01-27 04:00:00,41815.01000000,41890.00000000,41602.01000000,41710.14000000,2385.06661000,1706342399999,99570783.37683980,109787,1078.44249000,45021521.86787880,0
2024-01-27 08:00:00,41710.15000000,41800.00000000,41394.34000000,41761.23000000,3747.33899000,1706356799999,156021834.58366110,154916,1970.15870000,82036115.14233710,0
2024-01-27 12:00:00,41761.22000000,41894.87000000,41714.00000000,41814.00000000,2106.62255000,1706371199999,88016346.27236440,125901,952.71440000,39804492.13209050,0
2024-01-27 16:00:00,41813.99000000,41986.06000000,41745.26000000,41910.47000000,2256.20513000,1706385599999,94410637.85079680,121307,1092.94205000,45738726.54772540,0
2024-01-27 20:00:00,41910.48000000,42200.00000000,41910.47000000,42120.63000000,2952.81646000,1706399999999,124286510.36722800,120445,1214.73290000,51122656.17595340,0
2024-01-28 00:00:00,42120.63000000,42244.00000000,41925.00000000,42231.83000000,3931.90769000,1706414399999,165537206.57950180,122350,1422.00136000,59876062.29284680,0
2024-01-28 04:00:00,42231.84000000,42842.68000000,42228.64000000,42388.82000000,7853.89698000,1706428799999,333913525.37760480,247118,3838.74791000,163190541.16891760,0
2024-01-28 08:00:00,42388.82000000,42698.00000000,42323.14000000,42471.98000000,4448.08445000,1706443199999,189135498.72519520,186446,2240.79447000,95281497.46912660,0
2024-01-28 12:00:00,42471.98000000,42544.00000000,42155.55000000,42258.01000000,3978.57176000,1706457599999,168523182.67988310,160609,1918.56842000,81277330.42931040,0
2024-01-28 16:00:00,42258.00000000,42354.70000000,41721.08000000,41785.92000000,3819.55464000,1706471999999,160650828.59757560,165795,1794.86670000,75507493.93378690,0
2024-01-28 20:00:00,41785.91000000,42073.81000000,41620.81000000,42031.06000000,3262.98286000,1706486399999,136605649.70849820,150175,1756.20934000,73537413.34541270,0
2024-01-29 00:00:00,42031.05000000,42504.00000000,41874.94000000,42331.20000000,3437.68599000,1706500799999,145130483.05329420,161344,1828.20099000,77186251.97033780,0
2024-01-29 04:00:00,42331.19000000,42345.36000000,41988.88000000,42053.46000000,2735.85224000,1706515199999,115391846.79065730,116895,1230.02713000,51875778.37315600,0
2024-01-29 08:00:00,42053.45000000,42381.10000000,41961.10000000,42246.95000000,3204.92588000,1706529599999,135249461.09558760,174889,1530.19732000,64581354.90917470,0
2024-01-29 12:00:00,42246.95000000,42647.27000000,41804.88000000,42641.75000000,6763.08424000,1706543999999,284851244.84817180,252084,3412.71872000,143746748.99186740,0
2024-01-29 16:00:00,42641.75000000,43313.80000000,42518.00000000,42995.99000000,11314.82880000,1706558399999,486518050.12443590,346387,5896.77160000,253541734.79391790,0
2024-01-29 20:00:00,42995.99000000,43333.00000000,42982.66000000,43302.70000000,4086.36492000,1706572799999,176321194.44972160,146257,2098.97051000,90572852.32005880,0
2024-01-30 00:00:00,43302.71000000,43787.35000000,43133.90000000,43519.71000000,6762.21682000,1706587199999,293978846.68840040,221628,3691.52089000,160502544.91365520,0
2024-01-30 04:00:00,43519.71000000,43570.09000000,43259.26000000,43358.25000000,3352.66111000,1706601599999,145522575.14780490,116459,1477.43711000,64129018.93517840,0
2024-01-30 08:00:00,43358.24000000,43564.85000000,43215.76000000,43537.74000000,4124.15330000,1706615999999,179054068.70123920,154254,2155.81460000,93611345.40650180,0
2024-01-30 12:00:00,43537.75000000,43882.36000000,43114.13000000,43375.50000000,9820.25546000,1706630399999,426428139.45614090,344549,5209.76550000,226290424.04236160,0
2024-01-30 16:00:00,43375.50000000,43599.00000000,43224.00000000,43547.98000000,5834.15697000,1706644799999,253196951.30461700,220864,3107.63811000,134873583.84098940,0
2024-01-30 20:00:00,43547.99000000,43760.00000000,42683.99000000,42941.10000000,7725.80180000,1706659199999,335070504.37315720,258856,3675.12372000,159469491.31698210,0
2024-01-31 00:00:00,42941.10000000,43107.77000000,42655.07000000,42930.07000000,4913.47979000,1706673599999,210728347.92505170,190280,2498.71115000,107158437.40750090,0
2024-01-31 04:00:00,42930.06000000,43087.93000000,42871.10000000,43050.01000000,2839.50568000,1706687999999,122049574.15055070,107415,1283.50021000,55171629.17344960,0
2024-01-31 08:00:00,43050.01000000,43091.10000000,42355.00000000,42647.98000000,6116.23013000,1706702399999,261087519.39543260,214542,2979.58007000,127181553.38785700,0
2024-01-31 12:00:00,42647.98000000,43465.02000000,42521.31000000,43361.10000000,8138.75525000,1706716799999,349162322.47460450,356908,4370.33929000,187505431.66075320,0
2024-01-31 16:00:00,43361.11000000,43745.11000000,43041.10000000,43334.64000000,8260.76136000,1706731199999,358934011.64793630,336714,4174.22277000,181391252.34767090,0
2024-01-31 20:00:00,43334.63000000,43361.10000000,42276.84000000,42580.00000000,9602.40467000,1706745599999,409703801.45950660,293700,4983.59476000,212601411.19298910,0
2024-02-01 00:00:00,42580.00000000,42687.63000000,41884.28000000,42015.65000000,6159.26638000,1706759999999,259744345.48300970,241105,3044.78569000,128390178.45842310,0
2024-02-01 04:00:00,42015.65000000,42300.00000000,41889.95000000,42190.16000000,4812.74817000,1706774399999,202720038.00507960,192401,2501.69630000,105399166.73219460,0
2024-02-01 08:00:00,42190.15000000,42331.10000000,42026.52000000,42087.52000000,4002.75251000,1706788799999,168899873.51547430,160032,2110.14530000,89063735.92811590,0
2024-02-01 12:00:00,42087.52000000,42946.60000000,41944.89000000,42516.12000000,7858.34198000,1706803199999,333524814.37042320,349803,4090.48021000,173550560.99751670,0
2024-02-01 16:00:00,42516.12000000,43285.13000000,42364.00000000,43218.94000000,8083.56904000,1706817599999,346486864.93306360,284468,4108.32879000,176102629.75018850,0
2024-02-01 20:00:00,43218.94000000,43279.91000000,42872.91000000,43082.94000000,4314.36856000,1706831999999,185745504.33695170,164460,2279.40675000,98129277.61777390,0
2024-02-02 00:00:00,43082.95000000,43432.63000000,43026.15000000,43037.25000000,4246.33741000,1706846399999,183384862.64500290,144569,2183.94038000,94331837.86912190,0
2024-02-02 04:00:00,43037.25000000,43271.10000000,42943.71000000,43086.89000000,4064.36047000,1706860799999,175262597.50990790,129289,2266.68921000,97745916.79703060,0
2024-02-02 08:00:00,43086.90000000,43199.00000000,42941.10000000,43148.41000000,4094.76501000,1706875199999,176290450.26245250,137256,2367.84596000,101944412.23288470,0
2024-02-02 12:00:00,43148.42000000,43250.00000000,42546.79000000,43242.09000000,8493.53585000,1706889599999,364623077.52180670,330820,4637.24104000,199095285.56808100,0
2024-02-02 16:00:00,43242.10000000,43488.00000000,42783.09000000,43061.97000000,6362.66369000,1706903999999,274511830.78314430,235812,3112.74169000,134312409.95257260,0
2024-02-02 20:00:00,43061.98000000,43238.01000000,42900.48000000,43200.00000000,2410.48175000,1706918399999,103846618.56824690,108596,1077.11282000,46404923.32810020,0
2024-02-03 00:00:00,43199.99000000,43380.01000000,43142.00000000,43173.94000000,2223.22292000,1706932799999,96137834.14909920,102122,1000.68857000,43280294.93801050,0
2024-02-03 04:00:00,43173.95000000,43222.75000000,43040.00000000,43053.05000000,1346.11611000,1706947199999,58068003.07614460,79153,545.04552000,23512957.35547330,0
2024-02-03 08:00:00,43053.05000000,43125.28000000,42973.66000000,42995.04000000,1810.42438000,1706961599999,77938931.08943410,90701,841.12599000,36212958.49927940,0
2024-02-03 12:00:00,42995.04000000,43190.00000000,42880.00000000,43119.06000000,2505.96267000,1706975999999,107845469.93314030,118395,1328.62203000,57177662.44204830,0
2024-02-03 16:00:00,43119.06000000,43270.00000000,43016.28000000,43061.09000000,2671.62087000,1706990399999,115261072.99213950,136905,1303.14824000,56223325.15705800,0
2024-02-03 20:00:00,43061.09000000,43104.68000000,42953.33000000,43011.09000000,1476.06303000,1707004799999,63524038.79364320,82686,673.15537000,28970200.11872620,0
2024-02-04 00:00:00,43011.10000000,43068.79000000,42880.01000000,43027.16000000,1456.91888000,1707019199999,62634319.76975430,73437,680.41240000,29250991.45552780,0
2024-02-04 04:00:00,43027.16000000,43029.17000000,42720.07000000,42845.03000000,2208.36902000,1707033599999,94655300.75148380,117238,1028.35314000,44075502.87364790,0
2024-02-04 08:00:00,42845.03000000,43119.04000000,42741.60000000,43060.10000000,2577.95374000,1707047999999,110661627.34612560,138944,1321.87328000,56744722.67805790,0
2024-02-04 12:00:00,43060.09000000,43115.76000000,42845.51000000,42943.21000000,2544.71311000,1707062399999,109365208.96714310,108378,1243.48941000,53436359.78582960,0
2024-02-04 16:00:00,42943.20000000,42969.79000000,42573.17000000,42636.44000000,3608.11375000,1707076799999,154337155.84439180,175443,1845.38848000,78926947.22346300,0
2024-02-04 20:00:00,42636.43000000,42985.73000000,42222.00000000,42582.88000000,4670.82554000,1707091199999,199345945.02946960,317795,2307.61000000,98494117.04324600,0
2024-02-05 00:00:00,42582.88000000,42729.02000000,42258.10000000,42718.31000000,3709.01020000,1707105599999,157556504.82980390,172895,1935.70037000,82239181.76402820,0
2024-02-05 04:00:00,42718.31000000,43176.39000000,42642.00000000,43071.88000000,4182.30255000,1707119999999,179265244.92456210,218741,2136.88978000,91601684.31296880,0
2024-02-05 08:00:00,43071.87000000,43268.98000000,42954.54000000,43194.08000000,4074.55774000,1707134399999,175669972.20093250,188634,2086.12409000,89941052.00696650,0
2024-02-05 12:00:00,43194.08000000,43569.76000000,42600.11000000,42644.03000000,8010.04502000,1707148799999,345880281.97117530,339630,3916.44502000,169220648.10992880,0
2024-02-05 16:00:00,42644.04000000,42869.66000000,42501.00000000,42765.36000000,5069.38976000,1707163199999,216375475.81126410,221079,2694.73046000,115020657.24293770,0
2024-02-05 20:00:00,42765.35000000,42798.37000000,42330.52000000,42708.70000000,4422.45378000,1707177599999,187873160.80297940,176418,2214.17990000,94054356.14589680,0
2024-02-06 00:00:00,42708.70000000,42960.01000000,42574.00000000,42851.11000000,2897.16519000,1707191999999,123911400.17443150,134398,1582.87508000,67703611.26402450,0
2024-02-06 04:00:00,42851.10000000,42926.73000000,42667.00000000,42890.00000000,2201.29331000,1707206399999,94216942.22132930,116954,1096.24733000,46923181.10166990,0
2024-02-06 08:00:00,42889.99000000,43119.90000000,42670.61000000,42826.96000000,5579.67740000,1707220799999,239555727.25112670,251808,2925.02819000,125593111.96993170,0
2024-02-06 12:00:00,42826.96000000,43270.89000000,42658.00000000,43244.89000000,5949.73363000,1707235199999,255704982.75077960,274683,3292.50720000,141533440.65693310,0
2024-02-06 16:00:00,43244.89000000,43399.98000000,43000.00000000,43278.78000000,5091.59374000,1707249599999,220036929.18481530,204964,2490.07569000,107626583.84951740,0
2024-02-06 20:00:00,43278.79000000,43322.00000000,43032.71000000,43098.95000000,2956.39106000,1707263999999,127623601.01779430,137953,1424.24856000,61486534.89884280,0
2024-02-07 00:00:00,43098.96000000,43192.00000000,42788.00000000,42800.00000000,2968.09769000,1707278399999,127687440.94374790,135744,1331.83772000,57314680.10184270,0
2024-02-07 04:00:00,42799.99000000,43051.10000000,42794.67000000,42918.03000000,2473.25345000,1707292799999,106178843.85459230,122922,1149.79343000,49358765.27664350,0
2024-02-07 08:00:00,42918.02000000,43200.00000000,42838.01000000,42928.29000000,3301.41540000,1707307199999,141982339.13025330,175409,1511.56606000,65010405.03514260,0
2024-02-07 12:00:00,42928.28000000,43325.03000000,42890.51000000,43071.08000000,5174.63854000,1707321599999,222986101.77183220,229062,2671.36738000,115124478.01155820,0
2024-02-07 16:00:00,43071.08000000,43710.00000000,43013.75000000,43615.47000000,9646.81430000,1707335999999,419305473.63496920,407490,5307.41127000,230682973.61720160,0
2024-02-07 20:00:00,43615.47000000,44396.50000000,43615.47000000,44349.60000000,10828.37977000,1707350399999,477873493.04752700,308182,5783.90152000,255230070.40199990,0
2024-02-08 00:00:00,44349.60000000,44780.00000000,44331.10000000,44540.99000000,8836.19603000,1707364799999,393924409.88648260,288686,4501.47431000,200658386.76359600,0
2024-02-08 04:00:00,44540.98000000,44633.78000000,44427.01000000,44513.24000000,3474.51592000,1707379199999,154737501.31216390,185672,1608.53347000,71647273.08575140,0
2024-02-08 08:00:00,44513.25000000,44885.00000000,44513.24000000,44698.97000000,5858.27712000,1707393599999,262098480.21014640,286775,2900.88481000,129786017.24934010,0
2024-02-08 12:00:00,44698.97000000,45467.14000000,44606.00000000,45432.30000000,11913.40369000,1707407999999,536823009.52558060,446003,6279.40514000,282933988.56634130,0
2024-02-08 16:00:00,45432.30000000,45498.00000000,44890.00000000,45284.14000000,8933.58857000,1707422399999,403656741.80921740,377058,4233.56051000,191278307.57401950,0
2024-02-08 20:00:00,45284.13000000,45614.30000000,45227.00000000,45288.65000000,6423.64098000,1707436799999,291671985.40817560,279456,3207.66573000,145659526.56128680,0
2024-02-09 00:00:00,45288.66000000,46384.27000000,45242.12000000,46060.74000000,9482.53987000,1707451199999,435049231.63564660,333907,5261.09743000,241391629.71685320,0
2024-02-09 04:00:00,46060.74000000,46425.03000000,45855.00000000,46202.00000000,6811.23297000,1707465599999,314291722.65969120,277497,3347.44837000,154434627.04985200,0
2024-02-09 08:00:00,46202.01000000,47299.88000000,46201.53000000,47180.02000000,11572.91301000,1707479999999,540556656.11063910,409736,6014.90490000,281005502.63692210,0
2024-02-09 12:00:00,47180.01000000,47719.44000000,46652.00000000,47159.99000000,21197.65997000,1707494399999,1000987196.29041920,585765,10098.87537000,476892413.04764160,0
2024-02-09 16:00:00,47159.99000000,48200.00000000,47134.00000000,47509.48000000,16961.19039000,1707508799999,807441640.00062010,473623,9113.61179000,433911832.04757200,0
2024-02-09 20:00:00,47509.48000000,47693.28000000,47035.92000000,47132.77000000,7477.94479000,1707523199999,354716859.72395970,243356,3525.02633000,167244220.88136900,0
2024-02-10 00:00:00,47132.78000000,47504.00000000,47044.88000000,47376.62000000,3901.03702000,1707537599999,184371849.70467550,193170,2178.09685000,102956924.22582220,0
2024-02-10 04:00:00,47376.62000000,47430.03000000,47145.40000000,47151.72000000,2155.29282000,1707551999999,101996607.27231780,161720,927.36942000,43891808.53600980,0
2024-02-10 08:00:00,47151.72000000,47274.00000000,46800.00000000,47182.00000000,4546.93534000,1707566399999,213998877.30247910,219673,2044.92026000,96259795.40030020,0
2024-02-10 12:00:00,47182.01000000,47378.41000000,47105.44000000,47353.48000000,3624.87877000,1707580799999,171320682.91807990,234911,1937.39663000,91574212.20200480,0
2024-02-10 16:00:00,47353.48000000,47660.00000000,47154.52000000,47531.09000000,3381.00187000,1707595199999,160147509.25070750,203803,1777.52886000,84226603.06693200,0
2024-02-10 20:00:00,47531.09000000,48170.00000000,47454.37000000,47751.09000000,7193.21354000,1707609599999,344243851.24401640,310144,3875.38710000,185487672.08689100,0
2024-02-11 00:00:00,47751.08000000,48557.00000000,47557.16000000,48519.61000000,6452.94117000,1707623999999,310310811.36407140,298548,3645.77688000,175363667.52354060,0
2024-02-11 04:00:00,48519.60000000,48592.66000000,48061.10000000,48179.52000000,4752.43271000,1707638399999,229473332.05774290,239218,2462.79514000,118927294.08469120,0
2024-02-11 08:00:00,48179.51000000,48438.81000000,47922.33000000,48411.71000000,3906.99024000,1707652799999,188282047.08940940,221934,2067.98584000,99675834.98759520,0
2024-02-11 12:00:00,48411.71000000,48469.07000000,47931.82000000,48150.43000000,5466.21997000,1707667199999,263363818.39156140,247751,2748.16977000,132404286.33395880,0
2024-02-11 16:00:00,48150.43000000,48394.29000000,47948.38000000,48284.00000000,4641.41321000,1707681599999,223757445.90709060,218300,2432.80646000,117287511.58839450,0
2024-02-11 20:00:00,48283.99000000,48375.00000000,47971.18000000,48299.99000000,4738.81107000,1707695999999,228127430.96152960,181519,2383.84885000,114753285.43750870,0
2024-02-12 00:00:00,48300.00000000,48826.81000000,48009.52000000,48145.00000000,7723.68614000,1707710399999,374035078.95327420,279231,4195.73560000,203237148.23303170,0
2024-02-12 04:00:00,48145.00000000,48382.27000000,47755.81000000,48203.98000000,4444.91925000,1707724799999,213892808.94994390,212862,2126.77479000,102353886.01231170,0
2024-02-12 08:00:00,48203.98000000,48311.15000000,47710.01000000,47903.03000000,5444.77082000,1707739199999,261155068.48019780,238232,2539.67117000,121803283.78316890,0
2024-02-12 12:00:00,47903.04000000,49950.00000000,47841.00000000,49917.80000000,16721.55061000,1707753599999,818183493.55636400,509860,9623.21719000,470949126.12649270,0
2024-02-12 16:00:00,49917.80000000,50334.82000000,49372.22000000,49532.03000000,17277.94580000,1707767999999,861046825.28827240,468465,8548.12612000,426090178.11494360,0
2024-02-12 20:00:00,49532.02000000,50271.02000000,49532.02000000,49917.27000000,7397.09443000,1707782399999,369907587.79012800,230744,3763.90872000,188254939.41891690,0
2024-02-13 00:00:00,49917.28000000,50368.61000000,49724.33000000,49789.99000000,6175.21021000,1707796799999,308915145.30638380,197918,3241.42138000,162185104.00245850,0
2024-02-13 04:00:00,49790.00000000,50117.84000000,49789.99000000,49983.09000000,4055.06807000,1707811199999,202643371.66790970,149038,2020.49207000,100962982.21137210,0
2024-02-13 08:00:00,49983.09000000,50247.00000000,49650.00000000,49988.12000000,8824.89385000,1707825599999,441215380.19095130,269825,4300.86189000,215031008.65218900,0
2024-02-13 12:00:00,49988.12000000,49996.00000000,48400.00000000,48727.47000000,19358.47315000,1707839999999,951272810.32359890,548520,9535.55490000,468602130.63531290,0
2024-02-13 16:00:00,48727.47000000,49268.21000000,48300.95000000,49036.73000000,10392.26078000,1707854399999,507458500.95269210,340516,5565.21306000,271795871.20717040,0
2024-02-13 20:00:00,49036.74000000,49775.00000000,49011.10000000,49699.59000000,6745.66100000,1707868799999,333520161.62591130,235994,3746.25007000,185206415.97248760,0
2024-02-14 00:00:00,49699.60000000,49712.94000000,49333.00000000,49518.61000000,3206.45301000,1707883199999,158693439.79389090,145103,1430.49463000,70795897.54221160,0
2024-02-14 04:00:00,49518.61000000,49877.22000000,49225.01000000,49838.93000000,3998.92481000,1707897599999,198330492.62827830,185266,2039.89042000,101207174.66365660,0
2024-02-14 08:00:00,49838.93000000,51723.08000000,49741.19000000,51555.12000000,19901.12485000,1707911999999,1016013907.77744160,551712,11097.26891000,566376347.50859370,0
2024-02-14 12:00:00,51555.12000000,52043.71000000,51276.24000000,51590.00000000,15434.55068000,1707926399999,798091735.23176400,476557,8036.09950000,415600597.65151820,0
2024-02-14 16:00:00,51590.00000000,51750.00000000,51200.24000000,51678.00000000,8869.42094000,1707940799999,456977638.16609240,305218,4242.08353000,218565736.05724460,0
2024-02-14 20:00:00,51677.99000000,51888.00000000,51464.00000000,51795.17000000,5635.89972000,1707955199999,291497243.12584550,195536,2818.68131000,145793927.91137750,0
2024-02-15 00:00:00,51795.17000000,52500.00000000,51717.58000000,52343.32000000,9485.19698000,1707969599999,494480137.82597180,289080,4976.86695000,259438189.09811030,0
2024-02-15 04:00:00,52343.32000000,52364.55000000,51634.01000000,51776.61000000,6158.65559000,1707983999999,320367373.36676450,219305,2751.15710000,143130158.22565210,0
2024-02-15 08:00:00,51776.60000000,52498.12000000,51650.00000000,52330.00000000,6781.21145000,1707998399999,353581882.85188430,295328,3415.09855000,178048345.56487540,0
2024-02-15 12:00:00,52330.00000000,52816.62000000,51721.31000000,51948.23000000,13915.59154000,1708012799999,727779522.38665890,471275,6968.25355000,364536316.01576820,0
2024-02-15 16:00:00,51948.24000000,52380.00000000,51725.00000000,52002.01000000,9258.37794000,1708027199999,481808009.04669750,287421,4641.41227000,241571017.47712570,0
2024-02-15 20:00:00,52002.01000000,52011.10000000,51314.00000000,51880.00000000,8216.99705000,1708041599999,424808812.51403840,224160,3969.79814000,205247313.33427420,0
2024-02-16 00:00:00,51880.01000000,52328.00000000,51803.60000000,52280.25000000,4925.24862000,1708055999999,256366360.75649870,202733,2421.91633000,126080569.24048090,0
2024-02-16 04:00:00,52280.25000000,52343.28000000,51700.00000000,51731.99000000,5910.92632000,1708070399999,307362368.30904290,232363,2386.64647000,124144409.76759370,0
2024-02-16 08:00:00,51732.00000000,52435.86000000,51566.00000000,52213.86000000,8723.49444000,1708084799999,453787938.89563200,322431,4344.24354000,226048493.52452180,0
2024-02-16 12:00:00,52213.87000000,52572.08000000,51592.88000000,51888.01000000,10491.97637000,1708099199999,546296041.27079000,410889,5083.65848000,264743891.11641040,0
2024-02-16 16:00:00,51888.01000000,52245.00000000,51655.00000000,51756.29000000,4781.76179000,1708113599999,248565718.21227810,251305,2470.66711000,128442462.91702030,0
2024-02-16 20:00:00,51756.29000000,52208.43000000,51681.10000000,52124.11000000,2938.84564000,1708127999999,152625436.52709250,163990,1602.76695000,83248761.16647170,0
2024-02-17 00:00:00,52124.10000000,52162.82000000,51846.84000000,51968.75000000,1748.64047000,1708142399999,90915935.04589060,130535,766.07536000,39830654.64345340,0
2024-02-17 04:00:00,51968.75000000,52057.54000000,51792.00000000,51911.33000000,1813.90033000,1708156799999,94203970.89956830,139739,853.37545000,44323745.70675110,0
2024-02-17 08:00:00,51911.34000000,51911.34000000,51500.00000000,51690.48000000,3811.13615000,1708171199999,197038899.02732600,199415,1724.00688000,89130744.45401320,0
2024-02-17 12:00:00,51690.47000000,51735.68000000,50625.00000000,50984.56000000,9664.71243000,1708185599999,493856576.05130330,471488,4612.49876000,235619125.81819040,0
2024-02-17 16:00:00,50984.56000000,51444.00000000,50741.10000000,51394.43000000,4387.33024000,1708199999999,224273180.53013160,281589,2465.82461000,126057420.98368380,0
2024-02-17 20:00:00,51394.44000000,52030.18000000,51303.00000000,51642.64000000,4248.28660000,1708214399999,219619983.42486930,205007,2233.73487000,115464365.59152350,0
2024-02-18 00:00:00,51642.64000000,51798.99000000,51163.28000000,51479.99000000,3342.20712000,1708228799999,172139490.77736780,173868,1646.42105000,84798598.17414780,0
2024-02-18 04:00:00,51479.99000000,51750.60000000,51405.52000000,51671.10000000,2668.90841000,1708243199999,137703798.62765120,205373,1349.12215000,69605316.83765610,0
2024-02-18 08:00:00,51671.10000000,52069.00000000,51644.00000000,51832.01000000,3445.09907000,1708257599999,178579397.57980870,258199,1682.24442000,87202918.11527290,0
2024-02-18 12:00:00,51832.01000000,51948.57000000,51535.01000000,51773.99000000,3523.91039000,1708271999999,182315925.65794530,252163,1775.85890000,91874150.08456470,0
2024-02-18 16:00:00,51774.00000000,51980.73000000,51647.25000000,51758.12000000,3340.56645000,1708286399999,173037840.62129470,231181,1781.60310000,92282407.36568850,0
2024-02-18 20:00:00,51758.13000000,52377.00000000,51587.40000000,52137.67000000,5671.41219000,1708300799999,295433135.16939490,254638,3046.09730000,158683937.53694220,0
2024-02-19 00:00:00,52137.68000000,52428.78000000,51904.83000000,52063.81000000,4612.31179000,1708315199999,240435174.00643540,209631,2294.98026000,119633033.16247860,0
2024-02-19 04:00:00,52063.80000000,52488.77000000,51989.21000000,52394.04000000,4434.73522000,1708329599999,231784298.51610610,246412,2367.42183000,123733856.53751230,0
2024-02-19 08:00:00,52394.04000000,52450.00000000,52063.52000000,52336.22000000,4670.22420000,1708343999999,244227977.43083000,224823,2373.38951000,124100705.29195550,0
2024-02-19 12:00:00,52336.22000000,52454.11000000,52027.00000000,52127.99000000,5672.19056000,1708358399999,296155725.28342610,287667,3000.82017000,156688120.64950510,0
2024-02-19 16:00:00,52127.99000000,52230.00000000,51677.00000000,51820.61000000,6367.05864000,1708372799999,330988063.56730080,356185,3294.74106000,171289443.04310920,0
2024-02-19 20:00:00,51820.61000000,52110.00000000,51705.11000000,51774.73000000,3778.47391000,1708387199999,196009282.79667450,218272,1935.00921000,100379864.95966290,0
2024-02-20 00:00:00,51774.74000000,51832.01000000,51311.00000000,51580.23000000,5264.00845000,1708401599999,271699929.07185860,254526,2573.39549000,132821619.37510110,0
2024-02-20 04:00:00,51580.23000000,52039.91000000,51510.00000000,51839.28000000,3718.97659000,1708415999999,192875086.27787900,206938,1899.24252000,98488526.41477930,0
2024-02-20 08:00:00,51839.28000000,52380.00000000,51560.00000000,52286.80000000,7446.13718000,1708430399999,387053649.64394390,359106,3743.63993000,194599543.02036160,0
2024-02-20 12:00:00,52286.80000000,52985.00000000,51340.00000000,51680.00000000,17302.62916000,1708444799999,902543174.25197760,623157,8657.93225000,451742324.66027940,0
2024-02-20 16:00:00,51679.99000000,52138.31000000,50760.37000000,52101.11000000,10418.63903000,1708459199999,535516458.64589630,335835,5336.85941000,274408901.45865870,0
2024-02-20 20:00:00,52101.10000000,52517.30000000,51901.10000000,52258.82000000,5464.08277000,1708473599999,285186701.48716200,192350,2783.18102000,145269470.07591320,0
2024-02-21 00:00:00,52258.82000000,52366.80000000,51988.91000000,52001.99000000,3369.43954000,1708487999999,175718530.49659490,190656,1653.74233000,86246323.04735440,0
2024-02-21 04:00:00,52002.00000000,52113.39000000,51452.45000000,51568.64000000,4064.16140000,1708502399999,210488637.74441610,213644,1859.01148000,96282785.79931490,0
2024-02-21 08:00:00,51568.64000000,51787.04000000,50813.00000000,50965.53000000,9380.34826000,1708516799999,480905570.76872310,392710,4377.48205000,224430506.33690260,0
2024-02-21 12:00:00,50965.53000000,51442.26000000,50625.00000000,51156.00000000,11653.57718000,1708531199999,595269781.23047730,450748,6321.37799000,322958415.68175590,0
2024-02-21 16:00:00,51156.00000000,51427.43000000,50649.28000000,51058.00000000,7754.08258000,1708545599999,395871428.59354950,329508,4255.30355000,217271153.66169440,0
2024-02-21 20:00:00,51057.99000000,51950.01000000,50862.50000000,51849.39000000,6857.79153000,1708559999999,352024339.89133380,247594,3772.81553000,193716232.42923000,0
2024-02-22 00:00:00,51849.38000000,51878.18000000,51153.69000000,51586.10000000,4685.41723000,1708574399999,241391917.76021000,231076,2409.95898000,124144258.57830300,0
2024-02-22 04:00:00,51586.10000000,51910.32000000,51352.00000000,51827.63000000,4426.10745000,1708588799999,228732352.91129540,286622,2151.80119000,111218644.34150440,0
2024-02-22 08:00:00,51827.63000000,52034.12000000,51517.63000000,51622.04000000,5505.24135000,1708603199999,285061409.90683910,254824,2697.58838000,139689398.35380170,0
2024-02-22 12:00:00,51622.05000000,51733.05000000,50940.78000000,51602.40000000,8605.10808000,1708617599999,441691782.94769450,395897,4300.85851000,220759955.50286410,0
2024-02-22 16:00:00,51602.41000000,51750.01000000,51400.00000000,51509.99000000,5304.84860000,1708631999999,273672242.08880120,244083,2592.23626000,133729990.20758510,0
2024-02-22 20:00:00,51509.99000000,52065.78000000,51184.04000000,51288.42000000,6782.72303000,1708646399999,350400001.54369380,275682,3678.02398000,190057236.92380340,0
2024-02-23 00:00:00,51288.42000000,51548.54000000,50971.11000000,51100.00000000,4695.56436000,1708660799999,240489552.85468230,194117,2098.94153000,107574815.94342360,0
2024-02-23 04:00:00,51100.00000000,51321.92000000,50889.00000000,50915.96000000,3958.88987000,1708675199999,202478237.82008130,199165,1545.76605000,79072166.48048680,0
2024-02-23 08:00:00,50915.95000000,51263.22000000,50830.00000000,51218.95000000,4762.09300000,1708689599999,243013431.76020840,265624,2312.39503000,118016707.97449890,0
2024-02-23 12:00:00,51218.94000000,51333.47000000,50800.32000000,50911.11000000,8302.82835000,1708703999999,423561350.00665370,407006,4184.91920000,213509519.72192600,0
2024-02-23 16:00:00,50911.10000000,51195.18000000,50629.33000000,51099.09000000,5650.67880000,1708718399999,287988071.00443540,260077,2998.70255000,152817892.52803620,0
2024-02-23 20:00:00,51099.09000000,51162.04000000,50521.00000000,50744.15000000,3175.74106000,1708732799999,161612933.38355530,161050,1470.08470000,74829852.60767480,0
2024-02-24 00:00:00,50744.15000000,50907.14000000,50585.00000000,50849.97000000,2775.43339000,1708747199999,140867441.67885120,143444,1402.78721000,71197438.30450080,0
2024-02-24 04:00:00,50849.96000000,51103.87000000,50826.47000000,51068.70000000,2424.36167000,1708761599999,123628994.27389930,127416,1197.67833000,61076250.45608180,0
2024-02-24 08:00:00,51068.70000000,51172.06000000,50953.00000000,51119.79000000,2450.32792000,1708775999999,125160948.23820570,134678,1247.17892000,63705099.29769080,0
2024-02-24 12:00:00,51119.79000000,51180.41000000,51032.34000000,51099.34000000,1990.44790000,1708790399999,101735402.34515870,123235,1011.41412000,51693472.96645650,0
2024-02-24 16:00:00,51099.35000000,51698.00000000,51094.99000000,51557.07000000,4634.38652000,1708804799999,238570946.60214830,200652,2459.41969000,126607586.82709880,0
2024-02-24 20:00:00,51557.08000000,51666.00000000,51437.84000000,51568.22000000,2285.46370000,1708819199999,117829660.43360480,125590,1143.67800000,58959751.57216000,0
2024-02-25 00:00:00,51568.21000000,51898.72000000,51438.88000000,51624.99000000,3601.71905000,1708833599999,185962074.01048050,161728,1945.59307000,100457340.15109190,0
2024-02-25 04:00:00,51625.00000000,51800.03000000,51509.00000000,51719.28000000,2307.35285000,1708847999999,119235385.34363580,121095,1137.93679000,58799639.71410560,0
2024-02-25 08:00:00,51719.28000000,51777.64000000,51531.73000000,51645.00000000,1998.19169000,1708862399999,103179988.11248980,119478,972.06825000,50191392.26331720,0
2024-02-25 12:00:00,51645.00000000,51780.00000000,51436.67000000,51524.02000000,3015.06690000,1708876799999,155712147.83536130,167836,1550.58400000,80083320.85725920,0
2024-02-25 16:00:00,51524.02000000,51738.85000000,51279.80000000,51672.96000000,3855.78862000,1708891199999,198621024.83816890,173252,1951.22384000,100523830.42305130,0
2024-02-25 20:00:00,51672.97000000,51958.55000000,51640.88000000,51728.85000000,3943.51248000,1708905599999,204240494.31032660,180603,1986.77077000,102896999.27281370,0
2024-02-26 00:00:00,51728.85000000,51796.50000000,51400.00000000,51555.59000000,2849.56680000,1708919999999,146951167.34645510,128618,1442.11745000,74350414.89888210,0
2024-02-26 04:00:00,51555.60000000,51598.06000000,51288.18000000,51293.26000000,2965.61094000,1708934399999,152643509.94354790,140405,1552.39922000,79921371.28445160,0
2024-02-26 08:00:00,51293.26000000,51374.66000000,50901.44000000,51090.01000000,5428.89999000,1708948799999,277643997.83104740,229301,2802.84470000,143367533.69878010,0
2024-02-26 12:00:00,51090.01000000,52847.84000000,50957.00000000,52842.32000000,11761.16940000,1708963199999,611718067.50242200,559726,6456.83022000,335957148.37770700,0
2024-02-26 16:00:00,52842.33000000,54512.02000000,52753.28000000,54487.11000000,19931.38279000,1708977599999,1067460967.80322340,490123,10695.89540000,572924350.44374870,0
2024-02-26 20:00:00,54487.10000000,54910.00000000,54258.20000000,54476.47000000,8320.09207000,1708991999999,453985362.55389930,260736,4248.74852000,231850985.40653180,0
2024-02-27 00:00:00,54476.48000000,57073.84000000,54450.13000000,55667.60000000,17222.69430000,1709006399999,962084441.88156310,565825,9121.18469000,509275628.19761510,0
2024-02-27 04:00:00,55667.60000000,56448.00000000,55576.12000000,56059.08000000,8813.40604000,1709020799999,493742284.51037910,369354,4395.21206000,246231642.34844480,0
2024-02-27 08:00:00,56059.09000000,56818.02000000,56023.80000000,56527.79000000,8262.13357000,1709035199999,466468308.89366260,357649,4234.63906000,239093969.96349060,0
2024-02-27 12:00:00,56527.80000000,57416.93000000,56457.26000000,56745.66000000,15703.72150000,1709049599999,894545229.06385950,526189,8349.39046000,475671265.20728090,0
2024-02-27 16:00:00,56745.66000000,57588.15000000,56209.00000000,57339.68000000,10002.01696000,1709063999999,569768926.93606510,355773,5338.26698000,304183055.62875750,0
2024-02-27 20:00:00,57339.69000000,57359.00000000,56579.84000000,57037.34000000,7191.01325000,1709078399999,409339923.93940210,239495,3531.56560000,201016593.16598500,0
2024-02-28 00:00:00,57037.35000000,57101.10000000,56691.85000000,56916.40000000,3603.53596000,1709092799999,205106966.41521090,171136,1724.46908000,98164103.91176450,0
2024-02-28 04:00:00,56916.39000000,58379.57000000,56894.16000000,58241.10000000,7636.88153000,1709107199999,439461826.71457490,358843,4536.83635000,261167074.36243770,0
2024-02-28 08:00:00,58241.09000000,59494.06000000,58171.11000000,58941.11000000,19224.20294000,1709121599999,1134331017.31000810,627383,9861.31207000,581818339.46397090,0
2024-02-28 12:00:00,58941.11000000,61360.00000000,58891.10000000,60966.22000000,26368.91820000,1709135999999,1590536748.36966990,781950,14069.41483000,848565193.19300630,0
2024-02-28 16:00:00,60966.22000000,64000.00000000,58700.00000000,60951.11000000,45415.56810000,1709150399999,2786365702.34131040,1433403,22742.51770000,1395677495.79448900,0
2024-02-28 20:00:00,60951.10000000,62647.04000000,59797.57000000,62432.10000000,16514.36311000,1709164799999,1006779733.33496530,522347,9132.08933000,557041688.21940830,0
2024-02-29 00:00:00,62432.11000000,62438.22000000,61021.10000000,61561.33000000,10084.02851000,1709179199999,620440524.79769940,424408,4947.28393000,304386731.84105910,0
2024-02-29 04:00:00,61561.34000000,63676.35000000,61334.59000000,62707.17000000,14931.15457000,1709193599999,935868373.93882920,649870,8145.65677000,510519968.12955920,0
2024-02-29 08:00:00,62707.17000000,63340.95000000,62111.10000000,62936.02000000,11918.80476000,1709207999999,747621628.74204700,451319,5979.35459000,375120558.88008280,0
2024-02-29 12:00:00,62936.02000000,63531.88000000,62051.11000000,62768.02000000,12976.74161000,1709222399999,815542823.99497990,515349,6596.72125000,414675746.06077050,0
2024-02-29 16:00:00,62768.01000000,62879.30000000,60364.70000000,61600.00000000,17118.24110000,1709236799999,1052364635.07366390,677982,8130.15567000,499597723.61569850,0
2024-02-29 20:00:00,61599.99000000,62285.47000000,60584.07000000,61130.98000000,11396.10548000,1709251199999,700374884.72886100,450477,5663.89710000,348214776.34148110,0
2024-03-01 00:00:00,61130.99000000,61749.00000000,60777.00000000,61105.91000000,6345.57641000,1709265599999,388389961.05133120,243343,3207.82212000,196359433.29046990,0
2024-03-01 04:00:00,61105.92000000,61772.82000000,61061.11000000,61434.00000000,5719.40504000,1709279999999,351576064.89229430,265072,2862.63224000,175970454.18984350,0
2024-03-01 08:00:00,61434.00000000,62243.53000000,61316.67000000,61863.72000000,8452.27991000,1709294399999,523890113.04643420,322392,4193.92185000,259926628.09397440,0
2024-03-01 12:00:00,61863.71000000,62677.06000000,61131.01000000,61263.99000000,9971.27905000,1709308799999,618843093.59224970,479317,4952.55698000,307480122.34346690,0
2024-03-01 16:00:00,61263.98000000,62494.31000000,61234.00000000,62215.50000000,7886.35574000,1709323199999,487896665.65408950,293264,4067.64118000,251646812.47073610,0
2024-03-01 20:00:00,62215.51000000,63114.23000000,62215.50000000,62387.90000000,9363.03858000,1709337599999,585941479.72963090,344056,4911.12815000,307387693.71146520,0
2024-03-02 00:00:00,62387.90000000,62433.19000000,61949.03000000,62307.45000000,5441.91324000,1709351999999,338387240.19245370,257566,2711.77973000,168629229.85051130,0
2024-03-02 04:00:00,62307.45000000,62307.45000000,61752.30000000,62011.85000000,4846.35512000,1709366399999,300582809.93295640,265678,2303.82971000,142886399.00940120,0
2024-03-02 08:00:00,62011.85000000,62123.00000000,61641.10000000,61826.32000000,4411.57189000,1709380799999,273053345.69243820,346891,2023.41856000,125245582.36376690,0
2024-03-02 12:00:00,61826.32000000,62167.79000000,61561.12000000,61771.20000000,4301.35084000,1709395199999,266115067.66660890,332755,2159.10886000,133577954.18872530,0
2024-03-02 16:00:00,61771.21000000,62114.77000000,61625.00000000,62114.77000000,3418.28795000,1709409599999,211565710.37351440,259764,1865.12160000,115457141.19434620,0
2024-03-02 20:00:00,62114.76000000,62200.00000000,61685.01000000,61987.28000000,3115.25755000,1709423999999,192862799.97612150,179154,1628.11875000,100786745.47952170,0
2024-03-03 00:00:00,61987.28000000,62000.00000000,61642.39000000,61931.09000000,3127.09906000,1709438399999,193375356.73328550,219507,1567.76434000,96952792.52544110,0
2024-03-03 04:00:00,61931.09000000,62100.00000000,61320.00000000,61598.00000000,4831.45761000,1709452799999,298429594.93112400,373609,2379.89775000,147017635.32166310,0
2024-03-03 08:00:00,61598.01000000,61890.96000000,61393.83000000,61831.10000000,3942.85361000,1709467199999,243174738.77885880,272465,1922.96969000,118601343.27797040,0
2024-03-03 12:00:00,61831.10000000,62640.18000000,61821.09000000,62164.63000000,6685.90515000,1709481599999,416299081.48487560,530450,3483.03718000,216853834.70300310,0
2024-03-03 16:00:00,62164.63000000,62989.00000000,62088.00000000,62730.00000000,5623.12318000,1709495999999,352350659.80144270,317129,3030.79369000,189885541.50020390,0
2024-03-03 20:00:00,62730.00000000,63231.88000000,62580.00000000,63113.97000000,4784.47042000,1709510399999,300906841.21475920,278851,2520.72335000,158557836.40256150,0
2024-03-04 00:00:00,63113.97000000,64268.24000000,62300.00000000,63458.72000000,12563.71291000,1709524799999,798123266.63607820,614524,6827.05387000,433842961.15898020,0
2024-03-04 04:00:00,63458.71000000,64300.00000000,63210.00000000,64066.62000000,6654.96237000,1709539199999,423816981.89394010,461144,3539.59623000,225476307.81313020,0
2024-03-04 08:00:00,64066.62000000,65555.00000000,64000.11000000,65230.00000000,16002.48076000,1709553599999,1039969617.03285330,773961,8681.82726000,564184402.15794390,0
2024-03-04 12:00:00,65229.99000000,66580.29000000,64533.67000000,66451.65000000,16689.80230000,1709567999999,1096028157.76051250,719414,9289.80090000,610126814.85881360,0
2024-03-04 16:00:00,66451.65000000,67524.99000000,66039.31000000,67405.26000000,17313.10625000,1709582399999,1155593210.72922360,695621,8830.77589000,589614740.43640840,0
2024-03-04 20:00:00,67405.25000000,68499.00000000,66755.79000000,68245.71000000,15611.09546000,1709596799999,1055346303.02864460,623189,8150.03225000,551150811.26044400,0
2024-03-05 00:00:00,68245.71000000,68686.80000000,67535.31000000,68113.94000000,11448.26318000,1709611199999,780454920.51964410,562690,5584.75346000,380825228.21574530,0
2024-03-05 04:00:00,68113.95000000,68384.54000000,65089.00000000,66129.64000000,17780.29058000,1709625599999,1190103041.65380850,826509,8529.38286000,570964455.51372440,0
2024-03-05 08:00:00,66129.64000000,67150.00000000,65515.15000000,66656.31000000,11938.90863000,1709639999999,794719238.19227250,538334,6144.55643000,409108225.82953180,0
2024-03-05 12:00:00,66656.32000000,69000.00000000,66370.00000000,66773.05000000,22508.23086000,1709654399999,1523737642.28613340,916501,12078.30620000,818259204.01482140,0
2024-03-05 16:00:00,66773.05000000,66996.36000000,59005.00000000,61410.98000000,42797.37895000,1709668799999,2736121003.79061580,1473364,19771.56228000,1265593072.71607620,0
2024-03-05 20:00:00,61410.98000000,64367.27000000,61167.91000000,63724.01000000,26223.70910000,1709683199999,1649390744.84466740,993308,13883.28403000,873455373.35375100,0
2024-03-06 00:00:00,63724.01000000,64146.45000000,62779.14000000,63263.21000000,9495.88692000,1709697599999,602238953.15338710,376426,4575.15938000,290187180.35259230,0
2024-03-06 04:00:00,63263.22000000,66761.10000000,63263.21000000,66676.46000000,15208.16062000,1709711999999,995611271.44514440,721641,8390.95176000,549134178.22690530,0
2024-03-06 08:00:00,66676.46000000,67641.10000000,66041.63000000,67301.31000000,14316.87745000,1709726399999,957972495.71471610,580392,7301.74304000,488635660.89092070,0
2024-03-06 12:00:00,67301.31000000,67592.31000000,64664.92000000,66481.12000000,21399.96424000,1709740799999,1418905505.42889190,874158,10637.32308000,705506091.21564460,0
2024-03-06 16:00:00,66481.12000000,67465.00000000,66221.10000000,66739.48000000,10674.76219000,1709755199999,714339394.85747820,459475,5702.87563000,381699083.89313060,0
2024-03-06 20:00:00,66739.49000000,67363.58000000,65714.17000000,66074.04000000,7643.20349000,1709769599999,508675415.99765780,290889,3736.27307000,248720965.62776850,0
2024-03-07 00:00:00,66074.04000000,66467.88000000,65551.00000000,65847.29000000,7749.00312000,1709783999999,511957064.63942770,326596,4206.94970000,277997278.37524280,0
2024-03-07 04:00:00,65847.30000000,66469.05000000,65657.59000000,66387.78000000,6679.10619000,1709798399999,440766752.82511720,322884,3703.77133000,244424927.03158340,0
2024-03-07 08:00:00,66387.77000000,67275.20000000,66341.11000000,66905.34000000,8562.66230000,1709812799999,571876868.62013900,468361,4496.27719000,300321480.68197770,0
2024-03-07 12:00:00,66905.34000000,67899.00000000,66541.10000000,67260.01000000,13605.46645000,1709827199999,913038106.86969780,627337,6968.90094000,467727644.28086120,0
2024-03-07 16:00:00,67260.01000000,67980.00000000,67012.00000000,67498.02000000,9547.44499000,1709841599999,644559977.17638700,394467,4925.01337000,332510346.79689140,0
2024-03-07 20:00:00,67498.03000000,67914.74000000,66810.32000000,66823.17000000,6916.20385000,1709855999999,465889269.14283980,288582,3634.75049000,244873006.81547330,0
2024-03-08 00:00:00,66823.18000000,67256.18000000,66757.00000000,67156.09000000,5636.13131000,1709870399999,377558298.77945640,254767,2845.23925000,190618943.14839490,0
2024-03-08 04:00:00,67156.09000000,67640.45000000,66782.22000000,67223.02000000,5528.83778000,1709884799999,371559161.69682500,258047,2722.79248000,182948567.82011430,0
2024-03-08 08:00:00,67223.02000000,67753.40000000,67038.71000000,67741.21000000,6407.54695000,1709899199999,431205511.79344230,292033,3147.40481000,211836847.84116590,0
2024-03-08 12:00:00,67741.22000000,69990.00000000,67150.00000000,67617.60000000,22754.67898200,1709913599999,1554448605.73757841,942608,12473.32813100,852843118.61989309,0
2024-03-08 16:00:00,67617.60000000,68864.00000000,66082.66000000,68863.99000000,22384.90145000,1709927999999,1515893861.65942130,785274,10706.56668000,725309757.38997540,0
2024-03-08 20:00:00,68864.00000000,69379.00000000,67807.58000000,68124.19000000,11549.83637000,1709942399999,793729884.73233090,411198,5816.18323000,399790562.70913650,0
2024-03-09 00:00:00,68124.20000000,68279.00000000,67861.10000000,68247.34000000,3976.42864000,1709956799999,270708318.40192630,220216,2114.95666000,143994456.96056470,0
2024-03-09 04:00:00,68247.34000000,68541.10000000,68133.27000000,68288.64000000,3391.79959000,1709971199999,231744145.55842780,207939,1905.62209000,130200264.49846770,0
2024-03-09 08:00:00,68288.64000000,68453.12000000,67933.93000000,68299.99000000,4166.26410000,1709985599999,284295122.26452280,257863,1976.60442000,134877697.62995700,0
2024-03-09 12:00:00,68300.00000000,68521.10000000,68100.01000000,68288.20000000,3154.11941000,1709999999999,215444922.97465800,240479,1605.75555000,109686649.62902500,0
2024-03-09 16:00:00,68288.19000000,68325.00000000,68000.00000000,68193.51000000,3079.82488000,1710014399999,209956564.14181310,251924,1393.28998000,94982777.90306560,0
2024-03-09 20:00:00,68193.51000000,68433.17000000,68193.51000000,68313.27000000,2104.46081000,1710028799999,143814963.56795060,166920,1009.36330000,68978409.38174270,0
2024-03-10 00:00:00,68313.28000000,69216.00000000,68200.00000000,69136.79000000,7144.08030000,1710043199999,491719092.31498970,374504,3778.16524000,260035732.92711100,0
2024-03-10 04:00:00,69136.78000000,69659.47000000,69024.62000000,69347.16000000,5397.01526000,1710057599999,374429823.10888440,326209,2781.74651000,192988889.94564630,0
2024-03-10 08:00:00,69347.16000000,69887.61000000,69162.00000000,69568.46000000,7712.18719000,1710071999999,536979397.08524990,453753,3836.77320000,267175805.31879310,0
2024-03-10 12:00:00,69568.45000000,69833.33000000,68641.10000000,69194.83000000,8240.59115000,1710086399999,571768023.94593240,440834,3860.19049000,267875832.40224020,0
2024-03-10 16:00:00,69194.83000000,69768.58000000,69111.89000000,69400.19000000,4006.35572000,1710100799999,278157593.49553090,237928,2055.90047000,142751789.02755340,0
2024-03-10 20:00:00,69400.19000000,69470.01000000,68094.75000000,68955.88000000,5904.43873000,1710115199999,406253571.14399080,306290,2876.02313000,197919946.37268150,0
2024-03-11 00:00:00,68955.88000000,68955.90000000,67024.96000000,68604.42000000,9122.59767000,1710129599999,622070965.70909930,414488,4546.07598000,310096397.99159870,0
2024-03-11 04:00:00,68604.41000000,71298.00000000,68445.91000000,71019.99000000,17348.19592800,1710143999999,1216178557.01862822,713095,9666.58544200,677581420.06447905,0
2024-03-11 08:00:00,71019.99000000,72226.30000000,71019.99000000,71487.20000000,16023.35006800,1710158399999,1146973507.93089502,606472,8369.14491700,599109653.09321052,0
2024-03-11 12:00:00,71487.21000000,72661.10000000,71304.20000000,72010.00000000,15581.87226800,1710172799999,1122198823.73691581,669281,8330.36713800,599986110.82618751,0
2024-03-11 16:00:00,72010.01000000,72800.00000000,71760.00000000,71970.00000000,11603.11572200,1710187199999,839275895.18154104,408311,5693.58894200,411914091.75796764,0
2024-03-11 20:00:00,71970.00000000,72750.00000000,71836.36000000,72078.10000000,5613.69407000,1710201599999,406006628.04172530,231767,2830.09304000,204671629.55352940,0
2024-03-12 00:00:00,72078.10000000,72470.41000000,71400.00000000,71619.00000000,6941.41973000,1710215999999,499990856.40180720,260766,3329.28630000,239869298.91443630,0
2024-03-12 04:00:00,71619.00000000,72355.15000000,71301.00000000,72121.10000000,6922.60660000,1710230399999,497912035.77812060,371034,3739.48433000,268962042.39304760,0
2024-03-12 08:00:00,72121.10000000,72376.00000000,71388.00000000,72023.82000000,7323.42979000,1710244799999,526535263.92898170,388197,3880.67509000,279045635.26089080,0
2024-03-12 12:00:00,72023.82000000,73000.00000000,70800.00000000,71703.41000000,17116.47825100,1710259199999,1231690151.27944888,779404,8722.16244300,627970151.75276482,0
2024-03-12 16:00:00,71703.41000000,71829.11000000,68620.82000000,71349.99000000,24015.90765000,1710273599999,1694330826.96754250,951605,11612.93056000,819682472.75478890,0
2024-03-12 20:00:00,71349.99000000,71550.05000000,70607.86000000,71452.01000000,6463.70467000,1710287999999,459208844.20343730,296884,3232.67421000,229672573.33129790,0
2024-03-13 00:00:00,71452.00000000,72217.79000000,71333.31000000,72057.43000000,6367.14350000,1710302399999,457255934.83300050,288758,3224.94479000,231625094.66809050,0
2024-03-13 04:00:00,72057.43000000,73182.22000000,71920.00000000,72855.16000000,8445.98749200,1710316799999,612877469.08015880,405550,4571.67024200,331804003.54976410,0
2024-03-13 08:00:00,72855.15000000,73650.25000000,72820.00000000,73065.41000000,9588.44887500,1710331199999,703061371.35072869,449045,5002.13492500,366780716.08824359,0
2024-03-13 12:00:00,73065.40000000,73180.00000000,71634.52000000,72634.95000000,14039.65954000,1710345599999,1019006997.97968080,706858,6764.76601000,491042066.87714920,0
2024-03-13 16:00:00,72634.95000000,73394.19000000,72350.00000000,73349.24000000,8727.85823000,1710359999999,636214442.24264020,384648,4532.36131000,330410820.08226340,0
2024-03-13 20:00:00,73349.24000000,73410.22000000,72788.15000000,73072.41000000,5490.61401000,1710374399999,401348285.76758380,266338,2691.20496000,196719540.62394960,0
2024-03-14 00:00:00,73072.40000000,73288.30000000,72500.00000000,73267.08000000,5469.57319000,1710388799999,399035911.66385020,267301,2737.22532000,199704884.10858460,0
2024-03-14 04:00:00,73267.08000000,73777.00000000,72680.00000000,73224.00000000,7734.90334600,1710403199999,566743339.15653970,379827,4045.52265600,296502295.47095970,0
2024-03-14 08:00:00,73224.00000000,73528.11000000,72627.00000000,72884.00000000,6407.33652000,1710417599999,468403750.03273560,318962,2737.37965000,200104733.09839910,0
2024-03-14 12:00:00,72884.01000000,73047.16000000,70543.64000000,70844.01000000,18557.28967000,1710431999999,1333661629.90618070,774473,9250.88373000,664898688.71421630,0
2024-03-14 16:00:00,70844.00000000,71458.00000000,68555.00000000,69415.09000000,22921.42581000,1710446399999,1608082774.61199250,852708,11114.15832000,780380292.01271780,0
2024-03-14 20:00:00,69415.09000000,71709.90000000,69303.75000000,71388.94000000,10667.10021000,1710460799999,756262443.72533290,401598,5791.57865000,410599503.48412920,0
2024-03-15 00:00:00,71388.94000000,72419.71000000,66699.00000000,68224.01000000,22422.85781000,1710475199999,1557312351.48532790,898751,10358.66957000,720253486.44285230,0
2024-03-15 04:00:00,68224.01000000,68861.10000000,66904.98000000,68448.29000000,17229.30114000,1710489599999,1170918348.66922130,605870,8502.42870000,577978158.09779330,0
2024-03-15 08:00:00,68448.28000000,68600.00000000,65600.00000000,67757.76000000,22721.61196000,1710503999999,1528734152.55350980,845008,10603.39794000,713487553.18674580,0
2024-03-15 12:00:00,67757.75000000,68746.69000000,67424.79000000,68157.07000000,12481.72359000,1710518399999,850248277.82937100,565151,6341.27590000,432017539.41873010,0
2024-03-15 16:00:00,68157.07000000,70650.00000000,67520.01000000,68964.00000000,17320.34953000,1710532799999,1194156496.93769280,596512,8711.96839000,600720363.35052160,0
2024-03-15 20:00:00,68964.00000000,69750.00000000,67413.80000000,69499.85000000,11158.19143000,1710547199999,763910290.39698900,393153,5326.92465000,364928649.52453350,0
2024-03-16 00:00:00,69499.84000000,70043.00000000,68932.01000000,69200.08000000,7063.23297000,1710561599999,490679751.84064730,369523,3421.39024000,237674199.16403900,0
2024-03-16 04:00:00,69200.07000000,69460.91000000,68600.00000000,69432.45000000,5195.14968000,1710575999999,358751250.75115190,341613,2814.72242000,194405172.89300210,0
2024-03-16 08:00:00,69432.45000000,69436.24000000,67725.53000000,68256.01000000,7874.19098000,1710590399999,540633736.10847620,433356,3679.90232000,252685769.86563200,0
2024-03-16 12:00:00,68256.00000000,68499.10000000,67524.00000000,68385.58000000,8590.50806000,1710604799999,584448759.36717430,493943,4498.10898000,306076180.10360730,0
2024-03-16 16:00:00,68385.58000000,68407.94000000,66670.00000000,66911.52000000,11754.26553000,1710619199999,792413095.99490110,514752,5593.73691000,377166648.14548430,0
2024-03-16 20:00:00,66911.51000000,67538.49000000,64780.00000000,65300.63000000,15449.60614000,1710633599999,1021617608.82250510,575832,7232.33807000,478723542.10185860,0
2024-03-17 00:00:00,65300.64000000,66576.39000000,65122.23000000,66538.99000000,10190.42681000,1710647999999,671833876.60046570,412550,5486.78511000,361645005.40548230,0
2024-03-17 04:00:00,66538.99000000,66560.00000000,64533.00000000,65636.67000000,9585.06163000,1710662399999,628524057.64567590,482300,4433.45671000,290657706.62192660,0
2024-03-17 08:00:00,65636.68000000,67515.00000000,65290.00000000,66955.49000000,9037.77471000,1710676799999,601818568.35015700,465226,4819.87833000,320956527.92540220,0
2024-03-17 12:00:00,66955.49000000,68111.45000000,66436.92000000,67965.50000000,8266.27135000,1710691199999,555922132.51787900,457289,4279.56486000,287908358.84868360,0
2024-03-17 16:00:00,67965.51000000,68693.75000000,67769.86000000,68536.73000000,6689.53988000,1710705599999,456294558.92218740,364583,3436.32630000,234407918.81992340,0
2024-03-17 20:00:00,68536.72000000,68904.40000000,67953.35000000,68393.48000000,5973.14151000,1710719999999,408570440.20614790,267208,2872.28304000,196504100.58989250,0
2024-03-18 00:00:00,68393.47000000,68425.97000000,66800.00000000,67972.01000000,9044.36516000,1710734399999,611894909.80079180,342275,4460.98996000,301869224.72275520,0
2024-03-18 04:00:00,67972.01000000,68956.00000000,67704.01000000,68218.38000000,6783.81700000,1710748799999,463967679.70916450,290609,3644.22624000,249262141.11501720,0
2024-03-18 08:00:00,68218.38000000,68483.96000000,67300.00000000,68253.40000000,8039.14860000,1710763199999,546257772.94921830,412203,3942.66446000,267946759.06722330,0
2024-03-18 12:00:00,68253.39000000,68627.81000000,66628.68000000,67467.19000000,13191.14257000,1710777599999,891001167.98810170,561598,6425.69782000,434075570.69640440,0
2024-03-18 16:00:00,67467.19000000,68079.52000000,66565.20000000,66936.00000000,12161.56392000,1710791999999,818147178.58165320,498896,6520.76640000,438815372.03924730,0
2024-03-18 20:00:00,66936.00000000,67999.00000000,66935.99000000,67609.99000000,6471.04363000,1710806399999,437009203.38998860,358934,3535.32731000,238757498.60859860,0
2024-03-19 00:00:00,67610.00000000,68124.11000000,64860.00000000,65876.01000000,16347.35381000,1710820799999,1082757858.13562590,604896,7504.50604000,497187793.59494270,0
2024-03-19 04:00:00,65876.01000000,65976.10000000,63577.00000000,64704.22000000,16011.77985000,1710835199999,1037812075.40251700,578740,7512.22874000,486950329.04372810,0
2024-03-19 08:00:00,64704.23000000,64710.69000000,62505.00000000,63081.34000000,21759.46345000,1710849599999,1379914529.19639460,793723,10276.16653000,651774426.27705790,0
2024-03-19 12:00:00,63081.34000000,64150.00000000,62410.78000000,64051.85000000,19821.88333000,1710863999999,1253326102.02986520,666043,10106.87741000,639231634.40014730,0
2024-03-19 16:00:00,64051.85000000,65756.00000000,63969.58000000,64391.99000000,14712.72400000,1710878399999,953295721.40350660,486494,7432.31568000,481538291.74353940,0
2024-03-19 20:00:00,64392.00000000,64500.12000000,61555.00000000,61937.40000000,12352.12043000,1710892799999,777699662.36748350,463936,5373.18994000,338576406.64285810,0
2024-03-20 00:00:00,61937.41000000,63466.21000000,61666.00000000,61860.81000000,14260.12300000,1710907199999,892459371.86966950,538072,6939.03955000,434400356.55009360,0
2024-03-20 04:00:00,61860.82000000,63198.83000000,60775.00000000,62957.85000000,16405.10550000,1710921599999,1013556249.19308940,585560,8010.49975000,495205544.93646960,0
2024-03-20 08:00:00,62957.85000000,63957.74000000,62640.00000000,63392.94000000,11101.85580000,1710935999999,700798220.98342410,508517,5549.32635000,350372365.78025910,0
2024-03-20 12:00:00,63392.95000000,64395.00000000,63066.60000000,63600.37000000,14577.40042000,1710950399999,930733317.28429300,633380,7448.55225000,475611841.29636320,0
2024-03-20 16:00:00,63600.37000000,66000.00000000,62022.00000000,65784.46000000,19560.39962000,1710964799999,1255273618.34550550,717947,10048.59715000,645049867.15899650,0
2024-03-20 20:00:00,65784.47000000,68100.00000000,65656.41000000,67840.51000000,14515.70158000,1710979199999,976949274.38660150,566317,7527.82776000,506582088.40910960,0
2024-03-21 00:00:00,67840.51000000,68240.47000000,66340.00000000,66654.45000000,9548.03051000,1710993599999,644689979.73735890,395579,4750.56929000,320743100.19049140,0
2024-03-21 04:00:00,66654.46000000,67330.00000000,66072.20000000,66985.19000000,7775.81555000,1711007999999,519580741.38290850,332147,4272.42802000,285463756.69828050,0
2024-03-21 08:00:00,66985.19000000,67659.53000000,66650.00000000,67044.00000000,6826.14520000,1711022399999,458066687.18349370,336376,3350.96647000,224866505.16329930,0
2024-03-21 12:00:00,67044.01000000,67693.60000000,65885.96000000,66557.77000000,10244.26221000,1711036799999,685279728.62873740,476657,5397.75658000,361230111.04562150,0
2024-03-21 16:00:00,66557.77000000,67000.00000000,64871.01000000,65223.74000000,11883.44847000,1711051199999,780787140.70909660,490867,5618.86549000,369391757.26359510,0
2024-03-21 20:00:00,65223.73000000,65946.66000000,64529.01000000,65501.27000000,7079.77808000,1711065599999,462818865.32282190,356764,3259.51201000,213138620.86023670,0
2024-03-22 00:00:00,65501.28000000,66160.00000000,65120.01000000,65981.99000000,6860.14662000,1711079999999,450573766.66965240,357628,3261.80592000,214326280.53161210,0
2024-03-22 04:00:00,65981.99000000,66649.62000000,65756.64000000,66178.01000000,5005.64413000,1711094399999,331542152.30177760,309189,2528.08016000,167465565.56819820,0
2024-03-22 08:00:00,66178.01000000,66363.10000000,64065.72000000,64233.90000000,8364.76408000,1711108799999,545162129.35518830,420163,3749.38940000,244460506.01753140,0
2024-03-22 12:00:00,64233.90000000,64674.06000000,62601.11000000,63877.04000000,15779.03684000,1711123199999,1003304028.30048610,615808,7661.53704000,487241068.07769550,0
2024-03-22 16:00:00,63877.04000000,64126.09000000,62766.63000000,63866.93000000,8473.14688000,1711137599999,538479670.43711750,411458,4166.97609000,264856391.28935250,0
2024-03-22 20:00:00,63866.94000000,63978.86000000,62260.00000000,63796.64000000,6999.63966000,1711151999999,441420231.04342340,378635,3211.09096000,202590352.63684770,0
2024-03-23 00:00:00,63796.64000000,64374.91000000,63000.00000000,63556.00000000,5352.28065000,1711166399999,341378445.60148230,320236,2487.08108000,158663156.40751980,0
2024-03-23 04:00:00,63556.00000000,64856.01000000,63506.50000000,64575.41000000,3673.22300000,1711180799999,235872842.96087020,265357,1885.27223000,121083030.07214110,0
2024-03-23 08:00:00,64575.41000000,64857.14000000,64186.21000000,64629.62000000,3461.55180000,1711195199999,223151663.76058830,262179,1608.16101000,103692456.13088740,0
2024-03-23 12:00:00,64629.61000000,65414.69000000,64278.15000000,65104.05000000,5604.02124000,1711209599999,363571850.25534270,354777,2826.87366000,183406718.29822830,0
2024-03-23 16:00:00,65104.06000000,65999.00000000,64786.25000000,64872.90000000,5268.49718000,1711223999999,344874833.91270740,320778,2615.60800000,171225921.04643450,0
2024-03-23 20:00:00,64872.90000000,65199.97000000,63861.66000000,63990.01000000,3050.54022000,1711238399999,197302536.14062250,230239,1326.01225000,85821564.75976590,0
2024-03-24 00:00:00,63990.02000000,64723.16000000,63922.85000000,63962.98000000,2935.71455000,1711252799999,188730517.13099880,242376,1381.15430000,88822494.50217090,0
2024-03-24 04:00:00,63962.98000000,64379.62000000,63772.29000000,64289.99000000,1280.31142000,1711267199999,82063031.48013460,107062,694.82457000,44543938.57635330,0
